"block_height","block_hash"
837084,"000000000000000000013ff253aee85ea5950a8196fb1fb682cecaa5733a10ae"
837085,"00000000000000000000cf74d151921080a1dcfd6c6cd52b2feb60c54c126047"
837086,"000000000000000000028fe201b91e4302b162d0bab3ec8424b34c6081482587"
837087,"000000000000000000033584f6d011a9f24e491ac48e7d1601e61f7343835f6b"
837088,"000000000000000000006c32ec3a40ceee3e2c3c3c3bcc171f0f52e1b415d1fa"
837089,"000000000000000000019f0faf859814ad09a7242e6abdedd7bda45f6b0e8400"
837090,"0000000000000000000055ff439c2ed778c6056c0ff704909f4a57967aa25cc8"
837091,"00000000000000000001ff1c34a30e1370064f0e3d4d58f49abec3a3d90d30fe"
837092,"000000000000000000009b19ac97bd0edc78240b3b89fd118a9a81aeabf3ffab"
837093,"00000000000000000000f043613e51f8333293af94888c0a7bdb7e0535286552"
837094,"0000000000000000000038a488952d5dec89d9de3414168b3a4ecac2a9bbf0f9"
837095,"0000000000000000000086347ad5fa880afc01db8bbcc48ba45d212936d5001d"
837096,"0000000000000000000170b5c819daa6a4ac9d49d48a5a8daefa076aa6330dfc"
837097,"0000000000000000000124260ab15eeff3719b6fa9848c33c83e9b1f24f24b6c"
837098,"00000000000000000000d6dec7c30206febb594c5b67efae7070379f6af5e06a"
837099,"00000000000000000002b0ef95a22ac62d5c5e587c54465c8e8d8432ab5e686a"
837100,"00000000000000000001129958fa7308fd8e592ef0de1f6478a6203301099f07"
837101,"000000000000000000010b0404b55cecd26ac4159b59b8f9be43d536c2cba58e"
837102,"000000000000000000020475a1e83eecf61d2d76b8b716d26131541509027037"
837103,"000000000000000000015ddb4df784acc890856a2300a5eff3127a9ee8d48ca5"
837104,"000000000000000000019c7742466a2e4b0d878e786cc93c24fe48d1734a5712"
837105,"000000000000000000029a4bcf4992dc719a32841fdb8110f1824da0b980fabe"
837106,"0000000000000000000098fd49a789d430137307ff59ac82734e7450c8831a0a"
837107,"0000000000000000000013f9f79bce3c78d4a86a57bf52d0ee2ef647b1c4f3df"
837108,"00000000000000000002c9ef8ce05d5776906d4dbc2a0991f08dbbbf758c47b5"
837109,"000000000000000000024508bad60b7ea0f7e6d5cec14ab39740b8ebf28d9450"
837110,"0000000000000000000198348ae54b29172a7e5b03c7003a2a002497ca7113f5"
837111,"000000000000000000017276619d0a4f34ec5c1a0206c123bce17850b7b73dd6"
837112,"00000000000000000002a647f8481dcc956d298bd1cc4e4d09f2c4fbc13be485"
837113,"000000000000000000026004255e167a623dc5e473d6311a420f9a701ce84da0"
837114,"000000000000000000005e5dddc237786b49b12da51a54ad0dc12c26d7a9ca76"
837115,"00000000000000000002c1323f865204423e3c737ff1dd0b7beb1d414d7f1915"
837116,"0000000000000000000166dca6975dd5667bcabc8b47457f377b56e7cd7fa95d"
837117,"00000000000000000002fe70dc7004b3d98f21e0857996320c47b2cccf5070de"
837118,"00000000000000000000b7f8ba9140c18a3df0053e349bbb922064700dd05247"
837119,"00000000000000000002b611535fb27fd42fc96e3827617606b2b6ca87ac3f51"
837120,"0000000000000000000316dd90895d428281d4634e37c96525f7acca9238901e"
837121,"0000000000000000000205e5b86991b1b0a370fb7e2b7126d32de18e48e556c4"
837122,"00000000000000000003495ad29487aece4346736e100c31d084a3bf37577f78"
837123,"00000000000000000000399685b00a030a0d4f62240489524bb739ead113445c"
837124,"000000000000000000005f07eb54cb16e3939c5d618c386424ff3adaa56fe247"
837125,"000000000000000000005d0153261e4d713a82f1d5e24066bbcb167c536b4323"
837126,"00000000000000000002211deb0d45f1b58745742b3fa708b7dde1b6a501bab1"
837127,"00000000000000000001ad9845cf0d6ddadd3164164716e56eda70974bad1deb"
837128,"000000000000000000024d1708cdc74a47e4f8fb5c8c9afadc399b5dbaaf761a"
837129,"0000000000000000000247de3f21c3a7d21ce3b34ccf62188d4cd5b290971074"
837130,"00000000000000000002bc35b918562f8cd7b85471eb9a57af798c08996ee0c6"
837131,"00000000000000000000ae935edf084c7982ca7b797c3f4284e5db9360b9c4a9"
837132,"0000000000000000000070f8049d30e9ba314ab1e60f0a9580629e3f753b7f39"
837133,"000000000000000000030bb1f963b4f8ca5d0e763d3b75b0354132a0dcafba4f"
837134,"00000000000000000001dc0b9f9ec5bb8c1496faebca8ded39cadcafae33bb39"
837135,"00000000000000000002df90ac84da4fe578acd3190e7bed57b4f59224063573"
837136,"0000000000000000000118481db93639cf2faaa8e765cec60560ac8c4b346bf5"
837137,"000000000000000000008cf7c0ceb291d8566887c5d5c8d0638a0d5de2cab49b"
837138,"00000000000000000002ee4c62ad498754937a36d88639cba4516a3b1c22985c"
837139,"000000000000000000023b9bde86d9857b5700505e268e70a09913d837df52d5"
837140,"00000000000000000000c8a9e54494ef9237a99f5987407c4b5801778fcc05e4"
837141,"00000000000000000000e9a08acd50d2f978b08541e93622eeef783da9526ec4"
837142,"00000000000000000000468ec2e7dfa735debcbc3a21610a8dfb43322abf5256"
837143,"0000000000000000000109291955461c51e335bcae73ad4e273d54600b2580bf"
837144,"00000000000000000000ff8add990b0db54abc7eaf613256ddc9d8e2fab7154c"
837145,"0000000000000000000127bfd11499193e2551b31019535ad4e6d3f2a115a7e6"
837146,"000000000000000000029152dad4610eea85d946e3eb40b4ea775ca337b02cad"
837147,"00000000000000000000d1c68167c4e0d781766e49fc3a80a81b935ede3e1633"
837148,"0000000000000000000197b3924c50fde6a72a9e40a776132128069378c035b8"
837149,"00000000000000000002f3bbc5ec92e9a5c143f13bc6a33369dcbaecb51695b5"
837150,"00000000000000000001d3b8f1cc75256a7a1792742bc0e74eb8478e25dd2334"
837151,"0000000000000000000163a82711b8bcf2e012cb74787bb6a1cf687c118cf6ea"
837152,"00000000000000000000798b09d37cccad122ab94a967d06eb9151bde240a288"
837153,"000000000000000000022e9fe7b80e56009ce0dc5c7f9cbe19bc14d3a48d59e1"
837154,"000000000000000000027e245190ea0b27c4eb344618816fbdd8b5eec8e234d3"
837155,"00000000000000000000052fc298cf2848ff176f22408381234b3ae9c1703647"
837156,"00000000000000000001f0714b87ad9a78a39712a7cdd4e197a8246be49fff06"
837157,"00000000000000000000218e5bcb77da9bf00e554f251c54341c9c5754e7f8c0"
837158,"000000000000000000020008703ce5e2abcd58a4a6317c67c72092af0cc5805b"
837159,"0000000000000000000247a90f4859d9b0fd2940cd454aa33148f00e7e3df90f"
837160,"00000000000000000000d9a86f8651d008e1e2ec41eddd8c6a6c90bb060ac631"
837161,"00000000000000000000f43eda7fffa15677164edd63b76a4df350211cf10d5f"
837162,"00000000000000000001de441f8c7c8e6deaba43083612233058ccc542ca2c05"
837163,"00000000000000000000e2211e090ff14d096777c80553fe97198b1531b9a6ba"
837164,"00000000000000000001ea041b022d2ea79b528dd098cb87556f48ef78d654b0"
837165,"000000000000000000001356c25fd01601bad27e6240af53e050880b37772f47"
837166,"0000000000000000000353136a88365c720a94ccfd0855bcc058578f6c4cb80c"
837167,"000000000000000000009c712ee10fff7352705e8b3172183fdc93512bebc5d8"
837168,"00000000000000000002942f3337463452032c1dcb866b9288e1ffee3c74a480"
837169,"00000000000000000002a6631791620d704ba2ad60f0828883196ba7959ea1e1"
837170,"000000000000000000014c17d0fbeca150414cec7636b526730e4d973d9fda9d"
837171,"000000000000000000024eeefd4e626bf23a27205fa076e9a6b93949f11f5fa3"
837172,"00000000000000000001aca8ffa2b9c0e9db35d9138d986f59efaf7a57feb38e"
837173,"00000000000000000002a5e011b834fedc2cd64cd0b4f31d699c9f023cfda54b"
837174,"000000000000000000021d04832d4c605c9e620975ae58591bc19de5a00e507f"
837175,"000000000000000000015d440c02251e1805e936d61ae138c37281daf27d3a17"
837176,"00000000000000000002ba0df90c23ab89b447f7c62650822dcc17bd93dbeeea"
837177,"000000000000000000017cf4b05eff7af95b310f86f18cdc4f9d1833d3c5f267"
837178,"00000000000000000002f872405621e2173be2fd25354770b4adf550b2ab7fdc"
837179,"00000000000000000000b576e781df232736c18cffffa7892b37e7c6af06beea"
837180,"00000000000000000002d5db9d7adec3cb069eabeeb41aef29b37e357f6d3f39"
837181,"0000000000000000000356ffe89906b2f2d3ac301ab98bf942723c58e9833803"
837182,"0000000000000000000161cb1fe90ae1d8742c2e5fade6edf2fa90f86f11f39c"
837183,"00000000000000000002d77ab2a84ee561879c6419046d492d5988f13c26991d"
837184,"00000000000000000000ffe7b84d1e8294598df33e6b9699838f08b3bcae0e0b"
837185,"000000000000000000002db5f320b5818fb5a2827988201d3951f9899c10f064"
837186,"00000000000000000000eacbf40486dac047bd9165d6cd606e2275c7fd66a51e"
837187,"0000000000000000000026da73f67fe8c0b7a3cb4421c2365755e0b44303256e"
837188,"000000000000000000010934419aac8cc72344b09f41af891e80d35ee8dcc718"
837189,"000000000000000000002f7e9d25a54413da83a31f442d7049a491b3c0afcd9b"
837190,"00000000000000000000070a6f73ab2aee52dd75a1a203f745c873293d9bb5c8"
837191,"00000000000000000002d8efac7e2327870b3cba00e805a165103136a67eb08e"
837192,"000000000000000000006e9dfcda4887a9f2b2206c683970853a538a98500dc5"
837193,"00000000000000000000e0e76462234b84396b825d7dd780e4e3141f53a8ca14"
837194,"000000000000000000030565da5f84e33ebcca2202da879774ac05ab892e67ba"
837195,"0000000000000000000099253729caaba8c5871228a0e6dffdc6dd1419bb3b71"
837196,"00000000000000000000c839bae945d1c6d3247a15d23f5241f889ce9da0ab92"
837197,"0000000000000000000266d8427f15f68c7519211c87d1da596fb2e419311665"
837198,"00000000000000000001fc9c19d436399cba25a1a294fd9d7050742fe8e1706b"
837199,"0000000000000000000337f67f6b40899e26cb450f52d6cb3d6a9eb34cd1434c"
837200,"000000000000000000000601b182ef0165e673b45bcce8368f1a5c3b1f2c7e1b"
837201,"0000000000000000000022d49f84af9f2c80fde7c99159c595486f3d2ec42842"
837202,"0000000000000000000199dc6c76ca909bf8930c31d53848d2b20b02892943a0"
837203,"00000000000000000001f08ae22169dcc7d9cd09a03ca3cbc18f02d05f2bbc9d"
837204,"000000000000000000012703a8ad9308d910764b7c15e105a47645763fb9466f"
837205,"00000000000000000000851627c57ee15c1f984ba51e1ec2d14cd18ff82f0665"
837206,"00000000000000000002897326518db2f8af07a3269ef244daa5b4ed211d6d9e"
837207,"00000000000000000000d31704d9332ae28e12249fdcf534e450c234827e396c"
837208,"000000000000000000009218fa9c0dc11d5d90edfbd8dc6819ca8786418ec5dd"
837209,"00000000000000000001a5cd45f02fee3a35f0746b933e16a0de69fc26adb43b"
837210,"00000000000000000002e55ea12803383ecf5d887aa656b4ff1c499eba5bb77a"
837211,"0000000000000000000187b78d9249754ed0494d826f46e24a5605e1d8bf3be0"
837212,"000000000000000000023c10597ac5eefba15ee641e99c54f0a4ddbfce076d23"
837213,"000000000000000000021e5bd62f7c806ad4855458b38c5fdf9dd3b6bc8a7703"
837214,"00000000000000000001b3aed818165cf93694b622066551ef51e7d2d480c76b"
837215,"0000000000000000000046b767e27ee228ed10a68c22ee6232993b24e5a63cb5"
837216,"000000000000000000027e81bc80384dc55a1f7e24921ce9c90a37b564fa3a86"
837217,"000000000000000000026af7111686600becae9cfd2c15c9e072796cefa35e3e"
837218,"00000000000000000003077151ab42618cd7c0079e061a1b639ccbae1d9d830e"
837219,"0000000000000000000213f20603d9b4782fbb680c5a4a1ad3b7d7c4c60a41af"
837220,"00000000000000000002ca9e78e1dc43df59e748c2b31c515d0b9218f87c5298"
837221,"0000000000000000000114da0249085667ed0d645c771c530178e53b5c7a0366"
837222,"0000000000000000000051c19469738c307df2cc75bcc65e9f80bc37f8026dc4"
837223,"0000000000000000000074bb8f722591d07f33230a12cb126774d0f904d08ffa"
837224,"0000000000000000000099d98554cc8a699bc34138925bb1fb3f4dd8e867bc42"
837225,"00000000000000000002a5b0e34ee668d669e999de5e3629ccf7fcd4e8d53a8e"
837226,"0000000000000000000042c5d1e2ac4188471edfdf7f7eb30331269d51a7eb55"
837227,"00000000000000000000da18db4aa7fa50831f1dec1e4b793d96001b414f4ccf"
837228,"00000000000000000000f64fd7bc767bb8d6be87eb554ae149dfe2c05d2ab10d"
837229,"000000000000000000028a424dde3445bfe99f5097b513b245c5a5a9bded20c4"
837230,"00000000000000000000a41427e921ad9a2d222a1e076b6b778208f2186a7f3c"
837231,"000000000000000000026e15493e9b4b9b2a4f5d885fb4f2f0f45f2ef1132ac8"
837232,"00000000000000000001687eed93496a6fdb88208b7cdc194265c751deba283c"
837233,"0000000000000000000286b2a079e07b9f9f8bd3be286af1a00c03f64f2cf71b"
837234,"00000000000000000000eaa8a14d472c9cdf306ff1f3b8b1886e27630ab38f55"
837235,"00000000000000000002b69b7edfd74bf54d91204f7a0dcff17ca0ed4246a40e"
837236,"00000000000000000001b543170edc59672e14ab3360f8a2f925c43b841ad428"
837237,"00000000000000000000c54575b0391b84864a5799d77bff878a284c5ac14a4c"
837238,"0000000000000000000134520f612e95707d86b18859fbb9f4d3235cbc9c6648"
837239,"0000000000000000000124141aa821f2b25859194502c7c853a0f3d54b675f42"
837240,"0000000000000000000083648ea4bb71bdd88fcd73c40dd092bf520883d74cb0"
837241,"00000000000000000002680d22991a69d194a52d7278caaa10912659cec60702"
837242,"000000000000000000005ea1485d83d0dc4b1e083c6faec3cc44999fa66dd700"
837243,"00000000000000000001f16c16e9e693b5b86098965a4bf5bd139c8b2f7e88b1"
837244,"000000000000000000031b618f35c21fe76d575f276ccaa1b85f2d509c554fbd"
837245,"000000000000000000025794aab000126d394269f1617381a898542da2e2cf1c"
837246,"00000000000000000003395df43c286ed0761781e88e8af100a9b54c47d11fa9"
837247,"000000000000000000035429addfe838d9be154dedb0c80a6074b744f8de9a09"
837248,"00000000000000000002882f76b4c8b9f0d6cbd2da082fab9c2d2a2893ad6210"
837249,"00000000000000000002600d9f85fa2d2ac76848df594bb46acc0f972571d476"
837250,"00000000000000000001ea229f24ceac710fe67d4e5a6a787497e5ad60a23dff"
837251,"000000000000000000011e0380ff896e4f7eadcb30025055944dce1a6ab0dd7d"
837252,"000000000000000000017112131287db2156e8adb7525f425dbb6173964aee0a"
837253,"00000000000000000002819ebbd064897a37f5f2135d6a2ad6b2b8eeb5ecb120"
837254,"00000000000000000000880c8288f96044655ebfce462ebdadc1136edfc319fc"
837255,"000000000000000000011da430a23bf77902263146a9ad285c7c7e52add248bc"
837256,"0000000000000000000189a77136577d563d6b5bbb83d08afbcddd1796160bc2"
837257,"0000000000000000000130c0668bc116f35269b02a598fb566b923e92a69ca6a"
837258,"000000000000000000027e91e4555b2070cfed710e5e1c1acc60464fd6878b03"
837259,"000000000000000000003cf4e3f81d5cf6c0be623c375ed1eb767a9a4f02a1a0"
837260,"00000000000000000000ad44534c65847e9edf307443aaf0926453c6f5b4c155"
837261,"00000000000000000000e4b3a66cdc49f6113c57cc456fb7c7916625caf00139"
837262,"000000000000000000029b2d3b164c482e28ff22afd27ba1e4a8011ba73cfef8"
837263,"0000000000000000000284ca6951a064db180452053c1968f23016c8b7f83ab8"
837264,"0000000000000000000165e56643388d201466617a6ba9bb2ef0a5af787145ae"
837265,"00000000000000000000397ebc584206cbf954039195c56fb71dada436f08f50"
837266,"00000000000000000002e15bccf2aed5f5f0fa283b5d60621f5099ffdc2f56a6"
837267,"00000000000000000002fd490e298fb1f77960ab9f8623b5236d402bbf7a85ec"
837268,"0000000000000000000224bbab1070dcba756311fc1a48d7d4c3a2538d3373fc"
837269,"000000000000000000026ff48be85d9ae51f5e5a449c29628ada5f187ec0faee"
837270,"000000000000000000008621b53fb2565d0e394ff63a03737221d5a9a9f8760a"
837271,"0000000000000000000259aca52fc139b25aef83c55e93061e8a7e18357471a8"
837272,"0000000000000000000267adb66212dda12e492123ac41097a43e3c8432c185e"
837273,"000000000000000000028dfec046c9c082152416133d4a5acef7ff927e597937"
837274,"0000000000000000000313385330caa2a044b8b023a25c017916e8e3e325cfcf"
837275,"00000000000000000002d8aab79dd51eca0efaade2158b3af51b3bf6d4cf8336"
837276,"0000000000000000000023b87b7ca373bcd04426dc5ccad16481ad43e5d5651b"
837277,"000000000000000000035322d0498baefc2907f139676b1547d67374bf9cfece"
837278,"00000000000000000002c305e712a18fdecb85d4b4eb4324564e406fa4a7870b"
837279,"0000000000000000000013e068c80d71ee803f0e76bd140221e8b2ab2631e7ba"
837280,"0000000000000000000268dfd916dc06382ac330b9695f4b6dd7cfabb9b7c39b"
837281,"00000000000000000002f3848bedb4cba0030064de97bbc45feebfd7cd12124c"
837282,"00000000000000000001a7c2e6781d7c9ec8a6dae343a436a1458418fa39d3c9"
837283,"000000000000000000024c81172d2598a2a1a4d26070b5869adc83ca4dd5f653"
837284,"00000000000000000002e445bb201b7bdd772b26de9625e58231685c649923a8"
837285,"000000000000000000028e2c1906906ea349fea9d9ac92449efcdc1041627b40"
837286,"00000000000000000000c4c8fef1ece278999482a524b1a48bd2546a3d949dc6"
837287,"00000000000000000000723ae3fdf845fae93bd74e499e5ed2bf4bf586f52900"
837288,"000000000000000000019dd60ec23ccf0c9accdc07e7587d10bf5c0677ce7b46"
837289,"00000000000000000002a141a89fea47e9eb900e83b5e34484f1a1fec2a95b77"
837290,"00000000000000000001250c8739a77ecefe6ed985e974b2ebfb196c78c9b04d"
837291,"000000000000000000032f345ae3ac40e3e0ebd67067842b74253d961cb7d081"
837292,"00000000000000000000b38acaf4a90afbe964943070c43cec6c2cfa55ca7021"
837293,"00000000000000000001e9ad74c1b6fa2ee0e45ab076a2b2c81042e34044f682"
837294,"00000000000000000002f94313ac657eb5cd6df5f9895ee82a6850c597fb4907"
837295,"0000000000000000000115568db8d8a0f7b466b31ff45682b8c4bb4ab8d71f43"
837296,"000000000000000000023bfc88b49d28e65ac93eaa6859d4d2708feee776c78b"
837297,"00000000000000000000bc37946ab67984c0c39e2d9170d2aa4d050af0eef133"
837298,"000000000000000000008dd94ec1bbcae0eb74a575864a4077be9983e2177262"
837299,"000000000000000000001d9da228f16fc79fa651e6905a55fcf85651f3ffd6de"
837300,"0000000000000000000077d98a103858c7d7cbc5ba67a4135f348a436bec1748"
837301,"00000000000000000002523f4e399507f60db7dcd566f4acee492d8387447b7b"
837302,"000000000000000000020b226c45644adc11ddb774c1322ca62d2accc02c617d"
837303,"0000000000000000000010325a7b7187071b1c233cc60a5c7cb08c7184b772b8"
837304,"00000000000000000001935d4a4913a0da65833184e229ccd08b969ebde218a8"
837305,"00000000000000000001225803b2185f6bb209c9dced86dfccd98562a426e63f"
837306,"00000000000000000001b76918d5bf0cdee9e9e09346450e502a2d6761d7662e"
837307,"0000000000000000000359772ca9bbaac0fc66fca48991e7c17e8ec5bf276e25"
837308,"000000000000000000007090fe6d0d88ae2a3fde62dbcc63674001732abade33"
837309,"00000000000000000002aa5f833562ac17fec216bc33383eff95c985ea169bb8"
837310,"000000000000000000025d46fc9edc3befbeff74dcca1c00b084b3fa8e692442"
837311,"00000000000000000001a34ad7a887eb919f90b071fc2fc40e1f89ffe4c6262d"
837312,"000000000000000000009b3b22aed11ef2e056ef1ba0fc8d21cf8a1dd6b3ea8c"
837313,"00000000000000000000abe37e684c8e23a76cc7a2be387d6aa40099501b0ed2"
837314,"00000000000000000001f8bcf2a631b749859a2c50925edb5e0a6596775e1873"
837315,"00000000000000000001d376001456f816eedf9362bf9bb1f4c4858d8ea1718d"
837316,"000000000000000000015ef4796e9e99eb43805667f5f2e0a87d6970bbaffdef"
837317,"00000000000000000000cdeea2c815433e527848784ab62578f899534ee5f1d3"
837318,"0000000000000000000148a73fa02f6aa276bc10cd5a8d1d21a1a3b08deb87ae"
837319,"00000000000000000000fdc4bd4e19b8e9b0cd908793c3bde9e77d31c49e08e3"
837320,"000000000000000000027d8d40fde3e8deb83ece7f6526c2afab167d151de3dc"
837321,"00000000000000000001393c32dad3a89cc48645eeeb83177baa7fbc8b720a8e"
837322,"000000000000000000022cd07d23fef0d34b359e17dca14880a0bfbf66981fd8"
837323,"00000000000000000002c91d89a892293edde59042c5726761fda9c026f19214"
837324,"00000000000000000002d8633d669a469bfd83856ec44679a04af172b6e269b8"
837325,"000000000000000000018fdfdb0072028ebfc4d8ce0c9f599919c3d28c88bc29"
837326,"00000000000000000001bd9a2b2cdb626a882f6253a2db55faaf6758982c11c4"
837327,"00000000000000000000a5bfa4b700dd5718c386cee39d5dadf22c5abbf1ff84"
837328,"000000000000000000004ea65862897e736c05964e1e7ffcd4b3f7e47a0065d3"
837329,"00000000000000000000999f820ae232fcf3042e0cecae7b0d10365e1823fe1c"
837330,"000000000000000000031f4947a87a0dc6977dc679217dfc1734e07368c8a521"
837331,"000000000000000000023e6ea6cf30fd5d1d0fea68cc22c9c3f9ae8d3685f72d"
837332,"0000000000000000000009b9c4e794c494e737e82615b0ca797b2ec3c2b3f7d4"
837333,"00000000000000000000d4ab757410ed02d0d01841a038a0c608a8eafbb5fffd"
837334,"00000000000000000002f1e592cf9b2e0b8b6ca6277cb1f3ede2f411032a00a0"
837335,"00000000000000000002b2cd16df5d8c71b55a8adccb20411d5f55cf092482d1"
837336,"00000000000000000002b14f6a23586816def738f92730451cdd1b0cc1f6a1b6"
837337,"00000000000000000000263f3ab24369b78cac57a225f03af199bd478d13470e"
837338,"000000000000000000004f46f21718df2d4c9bfcb1554ae89e131652dda6a269"
837339,"000000000000000000004320484842adcdcfb1af9fc4a1c09e9f5f8218297caa"
837340,"00000000000000000002d7667c3ebbee632e025873309fc9d9f93bfd6c0eca18"
837341,"00000000000000000002768bfb3e6f5312860c59906d1b8d756848649e0c6bb8"
837342,"00000000000000000002137f612e00e9a270bce3c74bc93525e552bbb751d458"
837343,"000000000000000000019b8d3e54a28f083a24e2154ec799ee9cf975ab4dc9db"
837344,"00000000000000000001cfcd0d8268ddf07bc693d75257617c25d436ad29c39c"
837345,"0000000000000000000341a991609ab15331e51aaaef7794c42073c9498c899b"
837346,"0000000000000000000006a7271215947e16864bce7e184d417e1dca64f053d2"
837347,"00000000000000000001227ef6939675f7f325f03dfe0757b7929f1132f2e418"
837348,"0000000000000000000329e200fde72916ac5f041b3314537ef1639e5b3a159d"
837349,"00000000000000000002dbce53cda4eaa1102455287e0923e8bb0448e79c6a9c"
837350,"000000000000000000034f312dda642370206f9d6e7accf2ff8046e8af7be326"
837351,"000000000000000000020793fa180ec90af373c65a0c7517f864c22ac3a186ca"
837352,"00000000000000000002871697953412efd85849e3492357480ef419ef10da42"
837353,"000000000000000000031fbc1077980efd3d75d94bd5777faa8627e7e169250d"
837354,"0000000000000000000228712075debfc7fd8e6d869cf4bfe328aaea213e4a93"
837355,"000000000000000000012d9b07d96a92daa7dc5016e75f0ca0eef486b82c8707"
837356,"00000000000000000001d1a88f4107c2895c8ca1f26de4e4e05fd275dde97da9"
837357,"000000000000000000015ddb4906715035ef52d20dda0553edea2562db8e037d"
837358,"000000000000000000008d907884997080fb89a74e07febf01a55ab39c045aeb"
837359,"000000000000000000022b57ca9f85d9d2894d7db5a76f110de2a32c3f2c858d"
837360,"000000000000000000035ae565fabf535e8015f0b229f80709c45113e89a5729"
837361,"000000000000000000034abf3a9ab4a257598b55191d90df80d88761ed4bb9b8"
837362,"000000000000000000014d8fad8916141fc1b4e0200c150d42ecc9adaed5a361"
837363,"000000000000000000006c05ad8048bc1e4a1af91d6bc076c01cf0e6e49d274c"
837364,"0000000000000000000005b85137ab7ffa03cf3734a2398c8cdd5263d0443663"
837365,"00000000000000000001bd1ee9f6142eb12f76a446994f8ec333ceffbd4dd1f8"
837366,"00000000000000000000fdd4caf22dc17699384f161efc4a38e6e325aa9eced2"
837367,"00000000000000000001df55f36e38648cbe54a2fcbeae1f493897f7422addf7"
837368,"00000000000000000002300f25f8af6b392810ca908e06c7404e4f24137df40a"
837369,"000000000000000000019a64bfb346e918cd89549574e6b07639f9726a047ce1"
837370,"000000000000000000017bd640af22677c89c2fd00fd2b4e4f0923749f19b21b"
837371,"000000000000000000001d2876663feb18e4dbacb196ff9ea1c07a72ff512b66"
837372,"000000000000000000033e739684dc3a6a6d6273fa8f12d9fdc4485120aed174"
837373,"0000000000000000000200683a66e7d9a77ffbbd8f4d7b889dceda614504cfda"
837374,"0000000000000000000145e1d60850dc93f11c4683c814667176d60c6eb09319"
837375,"000000000000000000020019fb8d5272ab17b37432fb6e98d5da0e769433ffc7"
837376,"0000000000000000000252997af9ceb76fcbe4a5733c368d8957d9d9e494a5cf"
837377,"0000000000000000000122f9e1840b8666d46b74a08e6a06e25d90982c9ee904"
837378,"0000000000000000000026cd6f13fad31499498ac1ad1c82c461af303cc7e045"
837379,"00000000000000000002e372d312a0eb083352f8a26f0c2356aa52c3925ba4db"
837380,"0000000000000000000238f4ebedc9bb8844a89b3ea915a6a6df75b86f8aaa2c"
837381,"00000000000000000002815db943cb792e627451c54a6b0be8f0354b634c72e8"
837382,"00000000000000000001b666429c49dc4a663d0caf135dee7ea87d27bc17add1"
837383,"0000000000000000000299e44339a9836b48953680c6c5cf02c76145b5864801"
837384,"00000000000000000002d40083b79ddcba31408c89deecc920dcec0491a185fc"
837385,"000000000000000000003e4ce8e918fa7a5ef4a2e1a5bbc62058c68d98ef3eb3"
837386,"00000000000000000001b8a8f72167bfc7179d0ffb0bffc558378e772c4845c9"
837387,"00000000000000000002f7d6dff435748930a1f508932206cdff776cd41f1c88"
837388,"000000000000000000015299a0260b6771e43be2d34180f7e235fed72a1eb872"
837389,"00000000000000000002c2627aa11be71041c83d635e4a11bf5bc115c5e326db"
837390,"00000000000000000000caba9e52cda76f8dd5a4248dc5239185030e25856884"
837391,"000000000000000000005811624384defe51b2d75fdee5878eb5a1573e13960e"
837392,"00000000000000000003331c9b0e81db21392b36b32df8133a105de3e4515e9f"
837393,"0000000000000000000115286f4d46d257bc4ac5c566c09eb15cd1d238039415"
837394,"00000000000000000002833f9c549f8e23b03fdad654dc8e6cb83c899c6693c0"
837395,"0000000000000000000170051795caf7668c62c3fc0b2efdc3c1694ca79b317f"
837396,"000000000000000000003f561c31a41cd7da72811f8ed1c2886c9d5f301e0cfc"
837397,"00000000000000000000de30624e7de3f231b12fdfb994a19bd7229746b13a51"
837398,"00000000000000000000535293a31bb39ec32dfa98998c27c6a34902205c7da8"
837399,"00000000000000000002229eb0dd347969a509793994708556bcaac46045c398"
837400,"000000000000000000026ef8a0ea46a5638f48f050921b4470415955935bea8e"
837401,"0000000000000000000240e3a3233105d3b833b056478971514df416ab65dc94"
837402,"00000000000000000000d8ead439cbdc0c879669b67b8a2e79b0570da088c379"
837403,"000000000000000000008ed2a07c8e9719ed8c3382b98aeac3b737fe598f0e1b"
837404,"000000000000000000033ff03b8baac25130a262e08ce9c376d29f97d2f9f057"
837405,"000000000000000000003af47db2d12d1d3a9ed7e4c243568a42ec03bca9c86c"
837406,"000000000000000000012f43f50da3001c5889f0168cbf3eff7390261fd7e3e9"
837407,"00000000000000000001b6fd90074c943b79feb3985477a333cded0cc28b3a2e"
837408,"000000000000000000022a84bf17d41705609a53894a27ce23c83486b36b9722"
837409,"000000000000000000026ad4f6eb0f5ff09c0c2146be3beb2e13c7ad5154fd10"
837410,"000000000000000000028c4586ae2c602495386486d085ce23fdfd57db4fceeb"
837411,"000000000000000000017f2f4f5c79a17fd9d1f00c9813ac64de34c6aa665bcc"
837412,"000000000000000000010ce075b8a91d131d18c65115717e11930b01799ce86d"
837413,"00000000000000000000711debfa8e1109637528d9b4870ba1341eee6c9e28aa"
837414,"00000000000000000001bae186cde81f4f60effcb7f1e8dd54a0c833a8f6d7ff"
837415,"00000000000000000002d26c32d6ab006631e3cf7bb82d2327b33d8bb61614e2"
837416,"000000000000000000006d62d6a054e41168e91ebae83706dc77462706176c8b"
837417,"000000000000000000011f835d35b740c1b8952ff11555485b5f95c15c6e12a0"
837418,"0000000000000000000130968050637c1fa6c53a85156cc998ce09f593816f45"
837419,"000000000000000000035f7885898ad44d0f3fc736a89ad21a268178e0de5a3c"
837420,"000000000000000000029966e75d358d4e86e315b86598cf5f36f6ecb2bfb6fd"
837421,"0000000000000000000117a8a2a052ea24e460c27b2ad54e8897a8abbc6537a1"
837422,"000000000000000000004964848137a4eb7fb4d82c87fc8672bb000add896df1"
837423,"00000000000000000000211766a26d2ffe6e9b2339797482323925ed25af78d0"
837424,"0000000000000000000242e75afb3bff2a16d5fd816d8157b0d417d7cb808362"
837425,"00000000000000000002c044b30152c87f6ac1df93bd57d826e560f97442312e"
837426,"0000000000000000000040d37073a9a95a958ec98efe8f8305806f646b49e005"
837427,"000000000000000000034f20759eefece5fb0bec458b0a6b40207a0e2fad6c60"
837428,"0000000000000000000322113749d5e559fb8c68d2e5681a2c37b4ffca43586f"
837429,"000000000000000000024e44fed187433ff8f6ec9c0f161009e65318d9f679af"
837430,"000000000000000000021e695e86889bc3630b54c2dfbcaa16cec83b135462c0"
837431,"000000000000000000035296e0e1876a1cf7e7a968736053b37b67aea434234e"
837432,"000000000000000000027269194871cac2613f0857a009a4c7d98a5c5c60b9d8"
837433,"00000000000000000002c5d9006bb2df9a08ebf9beb711626378536746f58864"
837434,"0000000000000000000212aae24579235894723fbd11163b6a6085d50ffae346"
837435,"00000000000000000002d1607ecec451f5bd86fe9de99db7608d46a955cd0e07"
837436,"000000000000000000002534c42c08b74f4d7f3d7ff63d6588a194610ced87bd"
837437,"0000000000000000000095dcf5a660bb2c34d502d07e33cf6cb8c46d10ee793c"
837438,"00000000000000000002a65b1340767ae5a5013a27a157768f1444909037d1de"
837439,"000000000000000000022ccefe1a1746a3da4e4cc6b58d930ccfab7dfb4561b6"
837440,"0000000000000000000131b22efe9a4e813986872aceff1ec8065be5ca114fb8"
837441,"000000000000000000024bb1d5c294094455462e804bc83e91e6fe8001d42f35"
837442,"000000000000000000000c785aa04847f7fc12a39f3f8a1b072178c3a3e48e30"
837443,"000000000000000000000cbd826be2bece6f72d670af495e9decd94817ac1683"
837444,"00000000000000000003422eee98b5cea87ab3ac0780895725b1b78801788605"
837445,"000000000000000000002d66129fce65cd485379d134c483026519adfb689544"
837446,"00000000000000000002e55a147e5a2bba277bfb796f7b345244538b8d9e476d"
837447,"00000000000000000000d49957aa0c88c492c103492ffffe19060834b0165ba8"
837448,"000000000000000000020f0db8c7df513f499d255d6d205fdf6cd5a904078721"
837449,"000000000000000000023835c3dc2d03bd5056bf8b89ac98ad75ef327ab97ee8"
837450,"00000000000000000000f3ffc8a768b7d6b3511c02977edb0345d6d59c149131"
837451,"000000000000000000014a9c0b2965d81968fb2ff66de4516ca29a0c00608803"
837452,"000000000000000000031684c3834d9d1912e6917a665294be2a944ed10b5c6c"
837453,"00000000000000000000e49733d56957806853dd95cbf26d2fb0c721e4f4259d"
837454,"000000000000000000012a709cb08e4c41aa4120c29d2af99e010931d903f727"
837455,"0000000000000000000189ed0f4b553cec4b4acf8e3dfce9c34b8b79b6194763"
837456,"00000000000000000002f2617a65e1a8f77c2219104edefef9efd353ee3be65a"
837457,"00000000000000000002a1d68504d15c4811d59e3f2772de60a424f5872a2322"
837458,"0000000000000000000193e122c8e9a80d17ed3c2226d160f70dd67db4aa70bf"
837459,"00000000000000000000a767783e58288d5f33a30b04d019e5d23d7bf7bc1b5c"
837460,"000000000000000000032f532897989f9b2dd92311c71e90334cda5d6d0288bd"
837461,"000000000000000000033f2185d88e436d87c78463e91dc91ed80555a05b52fa"
837462,"0000000000000000000124df8d79322952014ec2d67eec04b79f150f44902371"
837463,"000000000000000000029e5540f4f56dd507c60f19e55e07925c13dea56b0094"
837464,"000000000000000000025fb52dfecca56cce435fd46158a3f5b99a4e4f70a94d"
837465,"00000000000000000002d8c0bf0468f98c8ea9aad8ed345feba7863448c1af87"
837466,"00000000000000000002bb2c060ccea17c11b2332141bbc9230ae108910a411d"
837467,"000000000000000000011b03fa0f51279f9c2fcbf9ab117017081c63e5092daf"
837468,"00000000000000000000d32e8f5ea20427a05a4b9bd9509c39699511c16993ed"
837469,"0000000000000000000179b0bd2511b5db4c5f0b164d646de35a36ec09a782a2"
837470,"00000000000000000000d0a9e6d702c9a54e468be680a0fc95714789249e11bf"
837471,"000000000000000000010dbf04b67356ca40f7bd1a9f57055c096c9c6bcc0689"
837472,"000000000000000000022e3b923afc7bd19348f7f09355ea2246fe52fdb65eb3"
837473,"0000000000000000000349155083e44453b5f1c0e71cc90f8a5cf07397ffca2d"
837474,"0000000000000000000312bda14258fa42b37d2dbf8d1d12c4649553c5674c57"
837475,"00000000000000000001828cc53c3a3e60c206b98b847f68fee5244df7e34a19"
837476,"00000000000000000000845a29fb7f96f736467f2502ed0b61bdaf9453cf6f9a"
837477,"0000000000000000000184760b2c3619775fe21bad11be5053006cb875559bad"
837478,"00000000000000000000c27960456ff47fa50efe72bc678379db394af57ed555"
837479,"000000000000000000013a7c29390eded0c938ffec260075dd505a35e23c4a23"
837480,"00000000000000000001241ca0a6d882380f8e388ef87c936fca1b3a90eff8f6"
837481,"00000000000000000001080a4ee68b9c7c9a5d6f416cd7eb96c2a10b8cbb3a73"
837482,"000000000000000000027655ab6e996f4b0e3f39ac553fe5b27389fa661b5af2"
837483,"0000000000000000000106d777a914caa368450c60592dfc0f7c4a87c32b1d30"
837484,"000000000000000000026a6f7a87c3fb6cb12b933dc70398c16cd1f6d21aa9df"
837485,"0000000000000000000147b75b5e16da6da2097f5e5514bef3d65cb964d237df"
837486,"00000000000000000000fbfcbcd721b566481571c1ae37fe20b5bfb820a5c3fc"
837487,"0000000000000000000008e9306a2883721f0486973eb23edf1ea9d3efa1f5dd"
837488,"000000000000000000024fe81b5ff7fc9c81cc73a5a6065a6acce481cccd6ef0"
837489,"000000000000000000019d2f6c0fe97d3aa0c864ba50e49ec38c6b31031fd8b9"
837490,"00000000000000000001df0d1f2c7cedd13be2b2bc1d26fc6cb2c62fc3deedf0"
837491,"0000000000000000000251d9450f250384272225fa4613ae9379c09e148d3e13"
837492,"00000000000000000002536093886d095dac7a230cf1b4d087bd741638faf7f4"
837493,"00000000000000000001f3c58d91f30ee01954695209058ccd0857bac7e7f553"
837494,"00000000000000000002e715925a9511f621de63f13b72ab9509279eb3ceed67"
837495,"00000000000000000002831d49fe95f4d9c6b9d38ea84dd9c72dbdc414879415"
837496,"00000000000000000000de9e10417ff5592a76b4e518952c128b73633573e569"
837497,"000000000000000000012bd821d9d4baa773aa456b9f33571f7abe2d5d1c26ba"
837498,"00000000000000000000b24b34c4a13ea4a999420d381256a036bef0c48798c4"
837499,"0000000000000000000105ff48a0ac5588eb701d1738e96f29aff1cd8c959ad8"
837500,"000000000000000000031b89c37ba403efad694af2339666b76cab1240ee263e"
